[{"id":1,"first_name":"Marco","last_name":"Grimbaldeston","email":"mgrimbaldeston0@cnbc.com","gender":"Male","Job Title":"Automation Specialist II"},
{"id":2,"first_name":"Doralynne","last_name":"McGannon","email":"dmcgannon1@unicef.org","gender":"Female","Job Title":"Health Coach IV"},
{"id":3,"first_name":"Andrus","last_name":"Rykert","email":"arykert2@huffingtonpost.com","gender":"Male","Job Title":"Data Coordiator"},
{"id":4,"first_name":"Cornie","last_name":"Whimper","email":"cwhimper3@google.it","gender":"Genderfluid","Job Title":"Nurse"},
{"id":5,"first_name":"Clem","last_name":"Fetters","email":"cfetters4@mail.ru","gender":"Male","Job Title":"Editor"},
{"id":6,"first_name":"Ashbey","last_name":"Jendrassik","email":"ajendrassik5@pagesperso-orange.fr","gender":"Male","Job Title":"Physical Therapy Assistant"},
{"id":7,"first_name":"Calv","last_name":"Chatenier","email":"cchatenier6@123-reg.co.uk","gender":"Male","Job Title":"Computer Systems Analyst II"},
{"id":8,"first_name":"Haze","last_name":"Duncan","email":"hduncan7@technorati.com","gender":"Polygender","Job Title":"Human Resources Manager"},
{"id":9,"first_name":"Ange","last_name":"Koschek","email":"akoschek8@intel.com","gender":"Male","Job Title":"Speech Pathologist"},
{"id":10,"first_name":"Zorine","last_name":"Poff","email":"zpoff9@wired.com","gender":"Female","Job Title":"Community Outreach Specialist"},
{"id":11,"first_name":"Monique","last_name":"Crimpe","email":"mcrimpea@digg.com","gender":"Female","Job Title":"General Manager"},
{"id":12,"first_name":"Elsey","last_name":"Pride","email":"eprideb@gravatar.com","gender":"Female","Job Title":"Web Designer I"},
{"id":13,"first_name":"Clint","last_name":"Hadrill","email":"chadrillc@google.com.br","gender":"Male","Job Title":"Senior Financial Analyst"},
{"id":14,"first_name":"Brear","last_name":"Kitley","email":"bkitleyd@sciencedirect.com","gender":"Female","Job Title":"Graphic Designer"},
{"id":15,"first_name":"Mellisa","last_name":"Presho","email":"mpreshoe@wisc.edu","gender":"Female","Job Title":"Speech Pathologist"},
{"id":16,"first_name":"Gweneth","last_name":"Sachno","email":"gsachnof@rediff.com","gender":"Female","Job Title":"Developer I"},
{"id":17,"first_name":"Alameda","last_name":"Gallifont","email":"agallifontg@usgs.gov","gender":"Female","Job Title":"Actuary"},
{"id":18,"first_name":"Carena","last_name":"Scardafield","email":"cscardafieldh@facebook.com","gender":"Female","Job Title":"Assistant Manager"},
{"id":19,"first_name":"Luca","last_name":"Dootson","email":"ldootsoni@4shared.com","gender":"Male","Job Title":"Project Manager"},
{"id":20,"first_name":"Brandyn","last_name":"Tremelling","email":"btremellingj@netvibes.com","gender":"Male","Job Title":"Staff Scientist"},
{"id":21,"first_name":"Omero","last_name":"Gillitt","email":"ogillittk@engadget.com","gender":"Male","Job Title":"Community Outreach Specialist"},
{"id":22,"first_name":"Zabrina","last_name":"Tapscott","email":"ztapscottl@i2i.jp","gender":"Female","Job Title":"VP Accounting"},
{"id":23,"first_name":"Natalee","last_name":"Silby","email":"nsilbym@dell.com","gender":"Female","Job Title":"Statistician IV"},
{"id":24,"first_name":"Demetrius","last_name":"Stockney","email":"dstockneyn@cyberchimps.com","gender":"Male","Job Title":"Electrical Engineer"},
{"id":25,"first_name":"Galvin","last_name":"Titlow","email":"gtitlowo@admin.ch","gender":"Male","Job Title":"Recruiter"},
{"id":26,"first_name":"Forbes","last_name":"Huntley","email":"fhuntleyp@t.co","gender":"Agender","Job Title":"Recruiting Manager"},
{"id":27,"first_name":"Borden","last_name":"Pearlman","email":"bpearlmanq@mozilla.org","gender":"Male","Job Title":"Junior Executive"},
{"id":28,"first_name":"Clive","last_name":"Frantzen","email":"cfrantzenr@symantec.com","gender":"Male","Job Title":"Project Manager"},
{"id":29,"first_name":"Kelwin","last_name":"Corns","email":"kcornss@rediff.com","gender":"Male","Job Title":"Database Administrator III"},
{"id":30,"first_name":"Brett","last_name":"Ehrat","email":"behratt@purevolume.com","gender":"Female","Job Title":"Nurse Practicioner"}]